{
    "A": {
        "majority_class": 1,
        "bincount": [
            765394,
            8086592,
            5064374
        ],
        "probabilities": [
            0.0549995832243489,
            0.5810852837954753,
            0.36391513298017586
        ]
    },
    "C": {
        "majority_class": 2,
        "bincount": [
            5768,
            93462,
            2360815
        ],
        "probabilities": [
            0.0023446725568028225,
            0.03799198795143991,
            0.9596633394917573
        ]
    },
    "D": {
        "majority_class": 1,
        "bincount": [
            3724656,
            4523328,
            1424690
        ],
        "probabilities": [
            0.3850699403288067,
            0.46763986876845015,
            0.14729019090274312
        ]
    },
    "E": {
        "majority_class": 1,
        "bincount": [
            4370361,
            4893760,
            1101069
        ],
        "probabilities": [
            0.4216382912421287,
            0.47213413357594025,
            0.10622757518193106
        ]
    },
    "F": {
        "majority_class": 2,
        "bincount": [
            94698,
            713978,
            6126758
        ],
        "probabilities": [
            0.013654228415986656,
            0.10294640537275677,
            0.8833993662112566
        ]
    },
    "G": {
        "majority_class": 1,
        "bincount": [
            400187,
            12000251,
            472187
        ],
        "probabilities": [
            0.03108822015711636,
            0.9322302949087696,
            0.03668148493411406
        ]
    },
    "H": {
        "majority_class": 1,
        "bincount": [
            81619,
            3551070,
            511242
        ],
        "probabilities": [
            0.019696032583554117,
            0.856932704719263,
            0.12337126269718295
        ]
    },
    "I": {
        "majority_class": 2,
        "bincount": [
            9089,
            288869,
            9807808
        ],
        "probabilities": [
            0.0008993875377680425,
            0.028584572411433234,
            0.9705160400507987
        ]
    },
    "K": {
        "majority_class": 1,
        "bincount": [
            3790571,
            3822402,
            1262118
        ],
        "probabilities": [
            0.4271022122477392,
            0.4306887670222198,
            0.14220902073004096
        ]
    },
    "L": {
        "majority_class": 2,
        "bincount": [
            57983,
            943746,
            14810048
        ],
        "probabilities": [
            0.0036670767618339167,
            0.05968627055643398,
            0.9366466526817321
        ]
    },
    "M": {
        "majority_class": 2,
        "bincount": [
            91622,
            836859,
            2759204
        ],
        "probabilities": [
            0.02484539758683293,
            0.22693342842460784,
            0.7482211739885593
        ]
    },
    "N": {
        "majority_class": 1,
        "bincount": [
            1499235,
            4611861,
            633510
        ],
        "probabilities": [
            0.22228652051728448,
            0.6837850869272423,
            0.09392839255547322
        ]
    },
    "P": {
        "majority_class": 1,
        "bincount": [
            2971631,
            4032284,
            571019
        ],
        "probabilities": [
            0.3922979394935982,
            0.5323193575019928,
            0.07538270300440901
        ]
    },
    "Q": {
        "majority_class": 1,
        "bincount": [
            952964,
            4629322,
            180446
        ],
        "probabilities": [
            0.1653667045422206,
            0.8033207166323195,
            0.03131257882545987
        ]
    },
    "R": {
        "majority_class": 1,
        "bincount": [
            399650,
            6506422,
            1874708
        ],
        "probabilities": [
            0.0455141798336822,
            0.7409845139042317,
            0.21350130626208605
        ]
    },
    "S": {
        "majority_class": 1,
        "bincount": [
            332060,
            9329146,
            573678
        ],
        "probabilities": [
            0.03244394367342121,
            0.911504810411139,
            0.056051245915439786
        ]
    },
    "T": {
        "majority_class": 1,
        "bincount": [
            49384,
            8283192,
            670102
        ],
        "probabilities": [
            0.005485478876396556,
            0.9200808914858446,
            0.0744336296377589
        ]
    },
    "V": {
        "majority_class": 2,
        "bincount": [
            13185,
            481280,
            11888535
        ],
        "probabilities": [
            0.0010647662117419042,
            0.038866187515141724,
            0.9600690462731164
        ]
    },
    "W": {
        "majority_class": 2,
        "bincount": [
            301280,
            930538,
            1046402
        ],
        "probabilities": [
            0.13224359368278743,
            0.40844957905733426,
            0.4593068272598783
        ]
    },
    "Y": {
        "majority_class": 1,
        "bincount": [
            1025143,
            2276946,
            2212557
        ],
        "probabilities": [
            0.18589461590100254,
            0.41289069144238816,
            0.4012146926566093
        ]
    }
}