{
    "A": {
        "mean": 0.24633155516241328,
        "std": 0.5921655729624687
    },
    "C": {
        "mean": 1.5692217918777926,
        "std": 0.6959072737264238
    },
    "D": {
        "mean": -0.5126409008512032,
        "std": 0.9230629461041246
    },
    "E": {
        "mean": -0.6538818506944875,
        "std": 0.8268458206733751
    },
    "F": {
        "mean": 1.0376542641743833,
        "std": 0.5368977355834363
    },
    "G": {
        "mean": -0.3329143674270015,
        "std": 0.4180382341585831
    },
    "H": {
        "mean": -0.07303625687782933,
        "std": 0.5442874863869817
    },
    "I": {
        "mean": 1.3348189110058553,
        "std": 0.35411624976635797
    },
    "K": {
        "mean": -0.5991766020201935,
        "std": 0.9356110787380357
    },
    "L": {
        "mean": 1.1493985180792754,
        "std": 0.4078489894192925
    },
    "M": {
        "mean": 0.64248652447267,
        "std": 0.5532545885213549
    },
    "N": {
        "mean": -0.527505388898922,
        "std": 0.6565701459180977
    },
    "P": {
        "mean": -0.7090494259091896,
        "std": 0.7200296160828458
    },
    "Q": {
        "mean": -0.6559273946801625,
        "std": 0.46640159985765833
    },
    "R": {
        "mean": -0.050906470495787476,
        "std": 0.8306870505452515
    },
    "S": {
        "mean": -0.3806886529441856,
        "std": 0.46635227752055214
    },
    "T": {
        "mean": -0.12099686304452967,
        "std": 0.4192655428966449
    },
    "V": {
        "mean": 1.202699222159412,
        "std": 0.33658472844209636
    },
    "W": {
        "mean": 0.15743109576774847,
        "std": 0.9756553356484918
    },
    "Y": {
        "mean": -0.055254960517864625,
        "std": 1.1181153747665804
    }
}